{"parameters/features.0.weight":{"values":[1,2,0,1,0,6,12,13,16,30,62,95,162,282,476,844,1592,3272,8607,20154,23008,24367,25160,25277,25408,25566,25744,25836,25668,25715,25636,25865,25725,25735,25734,25978,25606,25736,25758,25866,25888,25882,25641,25491,25498,25287,25042,24516,22965,17789,6699,3317,1863,921,460,268,131,71,33,21,6,6,5,1],"bins":[-0.07962556928396225,-0.0773218423128128,-0.07501810789108276,-0.07271438091993332,-0.07041065394878387,-0.06810691952705383,-0.06580319255590439,-0.06349945813417435,-0.0611957311630249,-0.05889200046658516,-0.056588269770145416,-0.05428454279899597,-0.05198081210255623,-0.049677081406116486,-0.04737335443496704,-0.0450696237385273,-0.042765893042087555,-0.04046216234564781,-0.03815843164920807,-0.035854704678058624,-0.03355097398161888,-0.031247243285179138,-0.028943514451384544,-0.02663978561758995,-0.024336054921150208,-0.022032324224710464,-0.01972859539091587,-0.017424866557121277,-0.015121135860681534,-0.012817406095564365,-0.010513676330447197,-0.008209946565330029,-0.005906209349632263,-0.0036024795845150948,-0.0012987498193979263,0.001004979945719242,0.0033087097108364105,0.005612439475953579,0.007916169241070747,0.010219899006187916,0.012523628771305084,0.014827358536422253,0.01713108830153942,0.019434817135334015,0.021738547831773758,0.0240422785282135,0.026346007362008095,0.02864973619580269,0.03095346689224243,0.033257197588682175,0.03556092828512192,0.03786465525627136,0.040168385952711105,0.04247211664915085,0.04477584362030029,0.047079574316740036,0.04938330501317978,0.05168703570961952,0.053990766406059265,0.05629449337720871,0.05859822407364845,0.060901954770088196,0.06320568174123764,0.06550941616296768,0.06781314313411713],"_type":"histogram"},"_step":941,"_timestamp":1.7685950192137544e+09,"best_val_loss":0.09954161846637725,"best_test_accuracy":97,"gradients/features.0.weight":{"bins":[-280.5,-270.3125,-260.125,-249.9375,-239.75,-229.5625,-219.375,-209.1875,-199,-188.8125,-178.625,-168.4375,-158.25,-148.0625,-137.875,-127.6875,-117.5,-107.3125,-97.125,-86.9375,-76.75,-66.5625,-56.375,-46.1875,-36,-25.8125,-15.625,-5.4375,4.75,14.9375,25.125,35.3125,45.5,55.6875,65.875,76.0625,86.25,96.4375,106.625,116.8125,127,137.1875,147.375,157.5625,167.75,177.9375,188.125,198.3125,208.5,218.6875,228.875,239.0625,249.25,259.4375,269.625,279.8125,290,300.1875,310.375,320.5625,330.75,340.9375,351.125,361.3125,371.5],"_type":"histogram","values":[2,7,4,4,4,6,10,12,16,18,34,38,75,133,220,298,489,693,1099,1704,2618,4147,6531,11631,23528,59274,156130,267249,139991,64617,26994,14405,7752,4837,2937,1828,1187,731,505,338,223,158,94,74,55,36,18,15,9,8,2,9,3,1,1,1,4,2,3,1,1,1,0,1]},"best_test_loss":0.09860472419261933,"_wandb":{"runtime":145},"gradients/classifier.0.weight":{"_type":"histogram","values":[1,0,0,0,1,0,1,1,0,2,3,2,2,3,3,10,10,12,10,19,10,27,24,22,31,34,47,43,43,55,64,54,101,120,142,216,356,455,749,1359,2551,1128,775,486,317,229,198,135,73,71,66,50,34,33,26,4,14,5,3,3,2,3,1,1],"bins":[-875,-853.15625,-831.3125,-809.46875,-787.625,-765.78125,-743.9375,-722.09375,-700.25,-678.40625,-656.5625,-634.71875,-612.875,-591.03125,-569.1875,-547.34375,-525.5,-503.65625,-481.8125,-459.96875,-438.125,-416.28125,-394.4375,-372.59375,-350.75,-328.90625,-307.0625,-285.21875,-263.375,-241.53125,-219.6875,-197.84375,-176,-154.15625,-132.3125,-110.46875,-88.625,-66.78125,-44.9375,-23.09375,-1.25,20.59375,42.4375,64.28125,86.125,107.96875,129.8125,151.65625,173.5,195.34375,217.1875,239.03125,260.875,282.71875,304.5625,326.40625,348.25,370.09375,391.9375,413.78125,435.625,457.46875,479.3125,501.15625,523]},"parameters/features.2.weight":{"bins":[-0.05699670687317848,-0.0552094541490078,-0.05342220515012741,-0.051634952425956726,-0.04984770342707634,-0.048060450702905655,-0.04627320170402527,-0.044485948979854584,-0.0426986962556839,-0.04091144725680351,-0.03912419453263283,-0.03733694553375244,-0.03554969280958176,-0.03376244381070137,-0.031975191086530685,-0.03018794022500515,-0.028400689363479614,-0.02661343850195408,-0.024826187640428543,-0.023038936778903008,-0.021251685917377472,-0.019464433193206787,-0.01767718233168125,-0.015889931470155716,-0.01410268060863018,-0.012315429747104645,-0.01052817888557911,-0.008740927092730999,-0.006953676231205463,-0.005166425369679928,-0.003379174042493105,-0.0015919229481369257,0.000195331871509552,0.0019825829658657312,0.0037698340602219105,0.005557085387408733,0.007344336248934269,0.009131587110459805,0.010918838903307915,0.01270608976483345,0.014493340626358986,0.01628059148788452,0.018067842349410057,0.019855093210935593,0.021642345935106277,0.023429596796631813,0.02521684765815735,0.027004098519682884,0.02879134938120842,0.030578600242733955,0.03236585110425949,0.034153103828430176,0.03594035282731056,0.03772760555148125,0.03951485455036163,0.04130210727453232,0.043089359998703,0.04487660899758339,0.046663861721754074,0.04845111072063446,0.050238363444805145,0.05202561244368553,0.053812865167856216,0.0556001141667366,0.05738736689090729],"_type":"histogram","values":[1,0,2,0,4,4,18,37,95,230,486,1066,2481,5879,15285,23633,26712,28668,28979,29455,29416,29809,29719,29846,29515,29700,30045,29448,29521,29668,29916,29321,29679,29794,30151,29819,29899,29367,29558,29761,29840,29740,29761,29567,29521,29482,29048,27480,25029,16201,8006,4162,2013,923,442,191,91,43,26,8,7,6,1,1]},"batch/loss":0.0665532797574997,"_runtime":145.608020179,"parameters/classifier.0.weight":{"bins":[-0.14846627414226532,-0.14317664504051208,-0.13788701593875885,-0.13259738683700562,-0.12730775773525238,-0.12201812118291855,-0.11672849208116531,-0.11143886297941208,-0.10614923387765884,-0.10085960477590561,-0.09556997567415237,-0.09028034657239914,-0.08499071002006531,-0.07970108091831207,-0.07441145181655884,-0.0691218227148056,-0.06383219361305237,-0.05854256451129913,-0.0532529354095459,-0.047963302582502365,-0.04267367348074913,-0.037384044378995895,-0.03209441155195236,-0.026804782450199127,-0.021515153348445892,-0.016225524246692657,-0.010935893282294273,-0.005646263249218464,-0.0003566332161426544,0.004932996816933155,0.010222626850008965,0.015512256883084774,0.02080187201499939,0.026091501116752625,0.03138113021850586,0.03667076304554939,0.04196039214730263,0.04725002124905586,0.052539654076099396,0.05782928317785263,0.06311891227960587,0.0684085413813591,0.07369817048311234,0.07898779958486557,0.0842774361371994,0.08956706523895264,0.09485669434070587,0.1001463234424591,0.10543595254421234,0.11072558164596558,0.11601521074771881,0.12130483984947205,0.12659446895122528,0.13188409805297852,0.13717372715473175,0.14246335625648499,0.14775300025939941,0.15304262936115265,0.15833225846290588,0.16362188756465912,0.16891151666641235,0.1742011457681656,0.17949077486991882,0.18478040397167206,0.1900700330734253],"_type":"histogram","values":[2,3,3,5,7,12,8,22,24,35,59,82,86,91,99,144,167,198,236,274,351,335,463,499,478,504,505,519,514,504,503,428,403,423,315,272,235,201,204,166,155,133,107,107,83,56,45,39,37,28,17,16,14,9,4,3,3,1,1,1,0,1,0,1]},"gradients/features.2.weight":{"_type":"histogram","values":[2,0,0,2,1,4,5,7,13,9,19,24,37,27,60,82,131,163,234,333,411,589,883,1304,1871,2721,4172,6458,10050,16197,26376,44224,78853,164868,374966,141996,72283,40433,23032,13455,8121,5086,3098,1994,1299,835,581,424,276,182,124,84,59,38,25,16,8,11,4,3,5,3,4,1],