{"best_val_accuracy":95.525,"_runtime":74.914968051,"_timestamp":1.7685947114918044e+09,"_step":470,"batch/loss":0.1342618465423584,"gradients/classifier.0.weight":{"values":[1,0,0,2,1,1,0,0,1,1,3,3,5,6,6,6,8,11,3,10,17,16,18,21,15,25,39,44,44,57,65,94,112,173,175,208,241,329,428,462,668,1647,1391,848,643,494,417,302,236,222,166,144,98,79,65,57,40,23,20,13,7,2,2,5],"bins":[-627,-612.05859375,-597.1171875,-582.17578125,-567.234375,-552.29296875,-537.3515625,-522.41015625,-507.46875,-492.52734375,-477.5859375,-462.64453125,-447.703125,-432.76171875,-417.8203125,-402.87890625,-387.9375,-372.99609375,-358.0546875,-343.11328125,-328.171875,-313.23046875,-298.2890625,-283.34765625,-268.40625,-253.46484375,-238.5234375,-223.58203125,-208.640625,-193.69921875,-178.7578125,-163.81640625,-148.875,-133.93359375,-118.9921875,-104.05078125,-89.109375,-74.16796875,-59.2265625,-44.28515625,-29.34375,-14.40234375,0.5390625,15.48046875,30.421875,45.36328125,60.3046875,75.24609375,90.1875,105.12890625,120.0703125,135.01171875,149.953125,164.89453125,179.8359375,194.77734375,209.71875,224.66015625,239.6015625,254.54296875,269.484375,284.42578125,299.3671875,314.30859375,329.25],"_type":"histogram"},"gradients/features.0.weight":{"bins":[-209.25,-201.6875,-194.125,-186.5625,-179,-171.4375,-163.875,-156.3125,-148.75,-141.1875,-133.625,-126.0625,-118.5,-110.9375,-103.375,-95.8125,-88.25,-80.6875,-73.125,-65.5625,-58,-50.4375,-42.875,-35.3125,-27.75,-20.1875,-12.625,-5.0625,2.5,10.0625,17.625,25.1875,32.75,40.3125,47.875,55.4375,63,70.5625,78.125,85.6875,93.25,100.8125,108.375,115.9375,123.5,131.0625,138.625,146.1875,153.75,161.3125,168.875,176.4375,184,191.5625,199.125,206.6875,214.25,221.8125,229.375,236.9375,244.5,252.0625,259.625,267.1875,274.75],"_type":"histogram","values":[5,3,3,1,4,11,8,17,28,37,61,82,121,189,284,454,704,976,1430,2258,3434,5252,7870,12914,20287,42422,113244,297801,162119,59262,26690,15886,9852,6503,4215,2792,1845,1266,811,533,344,233,150,113,79,65,40,24,28,12,11,10,5,7,7,2,2,4,2,0,2,0,0,2]},"parameters/features.0.weight":{"values":[3,1,2,3,12,16,27,39,100,178,333,653,1250,2617,8566,18008,20052,20861,21513,21916,21644,21956,21979,21922,21986,22228,21851,21908,22065,21933,21993,22131,21861,21984,22224,21996,22101,21947,22217,22098,22160,22172,21866,21809,21849,21631,21827,21648,21377,20228,16874,6768,3074,1679,831,433,195,118,58,19,12,7,2,5],"bins":[-0.0651441216468811,-0.06317658722400665,-0.061209045350551605,-0.059241510927677155,-0.057273972779512405,-0.055306434631347656,-0.053338900208473206,-0.051371362060308456,-0.04940382391214371,-0.04743628576397896,-0.04546874761581421,-0.04350121319293976,-0.04153367504477501,-0.03956613689661026,-0.03759860247373581,-0.03563106432557106,-0.03366352617740631,-0.03169598802924156,-0.029728451743721962,-0.027760915458202362,-0.025793377310037613,-0.023825839161872864,-0.021858302876353264,-0.019890766590833664,-0.017923228442668915,-0.015955690294504166,-0.013988154008984566,-0.012020616792142391,-0.010053079575300217,-0.008085542358458042,-0.006118005141615868,-0.004150467924773693,-0.0021829307079315186,-0.00021539349108934402,0.0017521437257528305,0.003719680942595005,0.0056872181594371796,0.007654755376279354,0.009622292593121529,0.011589829809963703,0.013557367026805878,0.015524904243648052,0.017492441460490227,0.019459977746009827,0.021427515894174576,0.023395054042339325,0.025362590327858925,0.027330126613378525,0.029297664761543274,0.03126520290970802,0.03323274105787277,0.03520027548074722,0.03716781362891197,0.03913535177707672,0.04110288619995117,0.04307042434811592,0.04503796249628067,0.04700550064444542,0.04897303879261017,0.05094057321548462,0.05290811136364937,0.05487564951181412,0.05684318393468857,0.05881072208285332,0.060778260231018066],"_type":"histogram"},"gradients/features.2.weight":{"bins":[-127,-123.232421875,-119.46484375,-115.697265625,-111.9296875,-108.162109375,-104.39453125,-100.626953125,-96.859375,-93.091796875,-89.32421875,-85.556640625,-81.7890625,-78.021484375,-74.25390625,-70.486328125,-66.71875,-62.951171875,-59.18359375,-55.416015625,-51.6484375,-47.880859375,-44.11328125,-40.345703125,-36.578125,-32.810546875,-29.04296875,-25.275390625,-21.5078125,-17.740234375,-13.97265625,-10.205078125,-6.4375,-2.669921875,1.09765625,4.865234375,8.6328125,12.400390625,16.16796875,19.935546875,23.703125,27.470703125,31.23828125,35.005859375,38.7734375,42.541015625,46.30859375,50.076171875,53.84375,57.611328125,61.37890625,65.146484375,68.9140625,72.681640625,76.44921875,80.216796875,83.984375,87.751953125,91.51953125,95.287109375,99.0546875,102.822265625,106.58984375,110.357421875,114.125],"_type":"histogram","values":[2,4,4,1,3,5,8,13,13,21,17,46,59,83,103,121,177,285,398,572,746,1087,1575,2494,3406,5113,7768,11622,17701,27995,43934,71015,121940,313422,171008,93797,56137,34503,21866,13645,8878,5824,3666,2456,1636,1061,738,475,341,231,152,126,87,59,41,39,13,15,9,8,4,3,2,3]},"parameters/features.2.weight":{"values":[1,2,3,5,15,40,132,332,785,2019,5315,15809,22455,24959,25979,26407,26766,26708,26822,26875,26728,26992,26706,26833,26900,26855,26683,26750,26960,27006,26436,26630,27129,27183,27058,26908,26643,26685,26834,26799,27031,26799,26806,26677,26855,26956,26526,25968,25129,21354,10746,5197,2456,1107,470,191,83,41,22,9,3,1,0,2],"bins":[-0.04935239255428314,-0.04774205759167671,-0.04613172262907028,-0.04452138766646385,-0.04291105270385742,-0.04130071774125099,-0.03969038277864456,-0.03808004781603813,-0.0364697128534317,-0.03485937789082527,-0.03324904292821884,-0.03163870796561241,-0.03002837300300598,-0.02841803804039955,-0.02680770307779312,-0.02519736811518669,-0.02358703315258026,-0.02197669818997383,-0.0203663632273674,-0.01875602826476097,-0.01714569330215454,-0.015535358339548111,-0.013925023376941681,-0.01231468841433525,-0.01070435345172882,-0.00909401848912239,-0.007483683526515961,-0.005873348563909531,-0.004263013601303101,-0.0026526786386966705,-0.0010423436760902405,0.0005679912865161896,0.0021783262491226196,0.0037886612117290497,0.00539899617433548,0.00700933113694191,0.00861966609954834,0.01023000106215477,0.0118403360247612,0.01345067098736763,0.01506100594997406,0.01667134091258049,0.01828167587518692,0.01989201083779335,0.02150234580039978,0.02311268076300621,0.02472301572561264,0.02633335068821907,0.0279436856508255,0.02955402061343193,0.03116435557603836,0.03277469053864479,0.03438502550125122,0.03599536046385765,0.03760569542646408,0.03921603038907051,0.04082636535167694,0.04243670031428337,0.0440470352768898,0.04565737023949623,0.04726770520210266,0.04887804016470909,0.05048837512731552,0.05209871008992195,0.05370904505252838],"_type":"histogram"},"parameters/classifier.0.weight":{"_type":"histogram","values":[3,0,4,7,4,10,16,16,24,36,62,75,79,99,123,151,168,196,267,273,352,427,438,492,443,476,480,467,445,471,462,422,424,404,391,292,213,228,218,161,148,148,132,99,86,64,54,42,38,26,23,19,10,12,5,5,2,4,2,0,0,1,0,1],